-- phpMyAdmin SQL Dump
-- version 5.1.0
-- https://www.phpmyadmin.net/
--
-- Host: 127.0.0.1
-- Generation Time: May 20, 2021 at 11:56 AM
-- Server version: 10.4.18-MariaDB
-- PHP Version: 8.0.5

SET SQL_MODE = "NO_AUTO_VALUE_ON_ZERO";
START TRANSACTION;
SET time_zone = "+00:00";


/*!40101 SET @OLD_CHARACTER_SET_CLIENT=@@CHARACTER_SET_CLIENT */;
/*!40101 SET @OLD_CHARACTER_SET_RESULTS=@@CHARACTER_SET_RESULTS */;
/*!40101 SET @OLD_COLLATION_CONNECTION=@@COLLATION_CONNECTION */;
/*!40101 SET NAMES utf8mb4 */;

--
-- Database: `info_mata_kuliah`
--

-- --------------------------------------------------------

--
-- Table structure for table `kurikulum_2014`
--

CREATE TABLE `kurikulum_2014` (
  `id_prodi` int(11) NOT NULL,
  `kode` varchar(7) NOT NULL,
  `semester` int(1) NOT NULL
) ENGINE=InnoDB DEFAULT CHARSET=utf8mb4;

--
-- Dumping data for table `kurikulum_2014`
--

INSERT INTO `kurikulum_2014` (`id_prodi`, `kode`, `semester`) VALUES
(4, 'BPS3280', 6),
(4, 'BPS4202', 8),
(4, 'ELS2180', 3),
(4, 'FIS1101', 1),
(4, 'FIS1201', 2),
(4, 'IFS1101', 1),
(4, 'IFS1102', 1),
(4, 'IFS1103', 1),
(4, 'IFS1201', 2),
(4, 'IFS1202', 2),
(4, 'IFS1203', 2),
(4, 'IFS2101', 3),
(4, 'IFS2102', 3),
(4, 'IFS2201', 4),
(4, 'IFS2202', 4),
(4, 'IFS2203', 4),
(4, 'IFS3101', 5),
(4, 'IFS3102', 5),
(4, 'IFS3103', 5),
(4, 'IFS3201', 6),
(4, 'IFS3202', 6),
(4, 'IFS3203', 6),
(4, 'IFS3204', 6),
(4, 'IFS4013', 7),
(4, 'IFS4014', 7),
(4, 'IFS4019', 8),
(4, 'IFS4020', 8),
(4, 'IFS4021', 8),
(4, 'IFS4023', 7),
(4, 'IFS4025', 7),
(4, 'IFS4026', 7),
(4, 'IFS4027', 8),
(4, 'IFS4101', 7),
(4, 'IFS4190', 7),
(4, 'IFS4191', 7),
(4, 'IFS4290', 8),
(4, 'ISS1001', 5),
(4, 'ISS2101', 3),
(4, 'KUS1001', 2),
(4, 'KUS1101', 1),
(4, 'KUS1102', 1),
(4, 'KUS1201', 2),
(4, 'KUS2001', 5),
(4, 'KUS2201', 6),
(4, 'KUS3201', 8),
(4, 'KUS4101', 7),
(4, 'MAS1101', 1),
(4, 'MAS1201', 2),
(4, 'MAS2001', 3),
(4, 'MAS2102', 3),
(4, 'MAS2202', 4),
(4, 'MRS3180', 5),
(4, 'MRS4002', 8),
(4, 'MRS4281', 8),
(4, 'NWS2201', 4),
(4, 'NWS2202', 4),
(4, 'NWS3101', 5),
(4, 'NWS3201', 6),
(5, 'BPS2281', 4),
(5, 'BPS3280', 6),
(5, 'FIS1101', 1),
(5, 'FIS1201', 2),
(5, 'IFS1101', 1),
(5, 'IFS2180', 3),
(5, 'ISS3280', 6),
(5, 'KIS1001', 2),
(5, 'KUS1001', 2),
(5, 'KUS1101', 1),
(5, 'KUS1102', 1),
(5, 'KUS1201', 2),
(5, 'KUS2001', 3),
(5, 'KUS2201', 8),
(5, 'KUS4101', 6),
(5, 'MAS1101', 1),
(5, 'MAS1201', 2),
(5, 'MAS2001', 3),
(5, 'MAS2203', 4),
(5, 'MAS2204', 4),
(5, 'MRS1101', 1),
(5, 'MRS1102', 1),
(5, 'MRS1201', 2),
(5, 'MRS2101', 3),
(5, 'MRS2102', 3),
(5, 'MRS2103', 3),
(5, 'MRS2104', 3),
(5, 'MRS2201', 4),
(5, 'MRS2202', 4),
(5, 'MRS2203', 4),
(5, 'MRS2204', 4),
(5, 'MRS3101', 5),
(5, 'MRS3102', 5),
(5, 'MRS3103', 5),
(5, 'MRS3104', 5),
(5, 'MRS3105', 5),
(5, 'MRS3106', 5),
(5, 'MRS3107', 5),
(5, 'MRS3201', 6),
(5, 'MRS3202', 6),
(5, 'MRS3203', 6),
(5, 'MRS3204', 6),
(5, 'MRS3205', 6),
(5, 'MRS4001', 7),
(5, 'MRS4002', 7),
(5, 'MRS4009', 8),
(5, 'MRS4010', 7),
(5, 'MRS4012', 7),
(5, 'MRS4015', 8),
(5, 'MRS4101', 7),
(5, 'MRS4102', 7),
(5, 'MRS4103', 7),
(5, 'MRS4191', 7),
(5, 'MRS4192', 7),
(5, 'MRS4201', 8),
(5, 'MRS4291', 8),
(6, 'BPS3280', 6),
(6, 'ELS2180', 3),
(6, 'FIS1101', 1),
(6, 'FIS1201', 2),
(6, 'IFS1101', 1),
(6, 'IFS1202', 4),
(6, 'IFS2101', 3),
(6, 'IFS2201', 4),
(6, 'IFS2203', 4),
(6, 'IFS4020', 8),
(6, 'IFS4021', 8),
(6, 'IFS4027', 8),
(6, 'ISS1001', 2),
(6, 'ISS1101', 1),
(6, 'ISS1102', 1),
(6, 'ISS1201', 2),
(6, 'ISS1202', 2),
(6, 'ISS2101', 3),
(6, 'ISS2102', 3),
(6, 'ISS2201', 4),
(6, 'ISS3101', 5),
(6, 'ISS3102', 5),
(6, 'ISS3103', 5),
(6, 'ISS3104', 5),
(6, 'ISS3201', 6),
(6, 'ISS3202', 6),
(6, 'ISS3203', 6),
(6, 'ISS3204', 6),
(6, 'ISS3205', 6),
(6, 'ISS4003', 7),
(6, 'ISS4008', 7),
(6, 'ISS4011', 8),
(6, 'ISS4014', 7),
(6, 'ISS4015', 7),
(6, 'ISS4018', 8),
(6, 'ISS4101', 7),
(6, 'ISS4190', 7),
(6, 'ISS4191', 7),
(6, 'ISS4290', 8),
(6, 'KUS1001', 2),
(6, 'KUS1101', 1),
(6, 'KUS1102', 1),
(6, 'KUS1201', 2),
(6, 'KUS2001', 5),
(6, 'KUS2201', 6),
(6, 'KUS3201', 8),
(6, 'KUS4101', 7),
(6, 'MAS1101', 1),
(6, 'MAS1201', 2),
(6, 'MAS2001', 3),
(6, 'MAS2102', 3),
(6, 'MRS3180', 5),
(6, 'MRS4201', 8),
(6, 'MRS4281', 8),
(6, 'NWS2201', 4),
(6, 'NWS2202', 4),
(7, 'BIS1201', 2),
(7, 'BIS1202', 2),
(7, 'BIS2101', 3),
(7, 'BIS2102', 3),
(7, 'BIS2201', 4),
(7, 'BIS2202', 4),
(7, 'BIS3201', 6),
(7, 'BIS3202', 6),
(7, 'BPS1101', 1),
(7, 'BPS1201', 2),
(7, 'BPS2201', 4),
(7, 'BPS2202', 4),
(7, 'BPS2203', 4),
(7, 'BPS2204', 4),
(7, 'BPS2205', 4),
(7, 'BPS3101', 5),
(7, 'BPS3102', 5),
(7, 'BPS3103', 5),
(7, 'BPS3104', 5),
(7, 'BPS3105', 5),
(7, 'BPS3107', 5),
(7, 'BPS3201', 6),
(7, 'BPS3202', 6),
(7, 'BPS4101', 7),
(7, 'BPS4102', 7),
(7, 'BPS4103', 7),
(7, 'BPS4104', 7),
(7, 'BPS4105', 7),
(7, 'BPS4107', 7),
(7, 'BPS4190', 7),
(7, 'BPS4201', 8),
(7, 'BPS4202', 8),
(7, 'BPS4290', 8),
(7, 'BPS4291', 8),
(7, 'FIS1101', 1),
(7, 'FIS1201', 2),
(7, 'IFS1101', 1),
(7, 'ISS2102', 8),
(7, 'ISS3280', 6),
(7, 'ISS4003', 8),
(7, 'KIS1001', 1),
(7, 'KIS1202', 2),
(7, 'KIS2101', 3),
(7, 'KIS2102', 3),
(7, 'KIS2103', 3),
(7, 'KIS2104', 3),
(7, 'KIS2201', 4),
(7, 'KUS1001', 2),
(7, 'KUS1101', 1),
(7, 'KUS1102', 1),
(7, 'KUS1201', 2),
(7, 'KUS2001', 8),
(7, 'KUS2201', 6),
(7, 'KUS4101', 7),
(7, 'MAS1101', 1),
(7, 'MAS1201', 2),
(7, 'MAS2001', 5),
(7, 'MAS2103', 3),
(7, 'MAS2104', 3),
(7, 'MAS2105', 3),
(7, 'MAS2205', 4),
(7, 'MRS3202', 8),
(7, 'MRS3280', 6),
(7, 'MRS4002', 8),
(7, 'MRS4009', 8),
(7, 'MRS4281', 8),
(8, 'BPS3280', 8),
(8, 'ELS1101', 1),
(8, 'ELS1201', 2),
(8, 'ELS1202', 2),
(8, 'ELS2101', 3),
(8, 'ELS2102', 3),
(8, 'ELS2103', 3),
(8, 'ELS2104', 3),
(8, 'ELS2201', 4),
(8, 'ELS2202', 4),
(8, 'ELS2203', 4),
(8, 'ELS2204', 4),
(8, 'ELS3101', 5),
(8, 'ELS3102', 5),
(8, 'ELS3103', 5),
(8, 'ELS3104', 5),
(8, 'ELS3105', 5),
(8, 'ELS3106', 5),
(8, 'ELS3201', 6),
(8, 'ELS3202', 6),
(8, 'ELS3203', 6),
(8, 'ELS3204', 6),
(8, 'ELS3205', 6),
(8, 'ELS4001', 8),
(8, 'ELS4002', 8),
(8, 'ELS4003', 7),
(8, 'ELS4004', 7),
(8, 'ELS4005', 8),
(8, 'ELS4006', 7),
(8, 'ELS4007', 8),
(8, 'ELS4015', 7),
(8, 'ELS4190', 7),
(8, 'ELS4201', 8),
(8, 'ELS4290', 8),
(8, 'ELS4291', 8),
(8, 'FIS1101', 1),
(8, 'FIS1201', 2),
(8, 'IFS1101', 1),
(8, 'IFS2103', 3),
(8, 'IFS2280', 4),
(8, 'IFS3101', 7),
(8, 'KIS1001', 2),
(8, 'KUS1001', 1),
(8, 'KUS1101', 1),
(8, 'KUS1102', 1),
(8, 'KUS1201', 2),
(8, 'KUS2001', 8),
(8, 'KUS2201', 6),
(8, 'KUS4101', 7),
(8, 'MAS1101', 1),
(8, 'MAS1201', 2),
(8, 'MAS2001', 4),
(8, 'MAS2101', 3),
(8, 'MAS2102', 3),
(8, 'MAS2201', 4),
(8, 'MRS2101', 7),
(8, 'MRS4280', 8),
(8, 'NWS3102', 5),
(8, 'NWS3103', 5),
(8, 'NWS3202', 6),
(8, 'NWS3203', 6);

-- --------------------------------------------------------

--
-- Table structure for table `kurikulum_2016`
--

CREATE TABLE `kurikulum_2016` (
  `id_prodi` int(11) NOT NULL,
  `kode` varchar(7) NOT NULL,
  `semester` int(1) NOT NULL
) ENGINE=InnoDB DEFAULT CHARSET=utf8mb4;

--
-- Dumping data for table `kurikulum_2016`
--

INSERT INTO `kurikulum_2016` (`id_prodi`, `kode`, `semester`) VALUES
(1, 'IF31101', 1),
(1, 'IF31102', 1),
(1, 'IF31103', 1),
(1, 'IF31104', 1),
(1, 'IF31201', 2),
(1, 'IF31202', 2),
(1, 'IF31203', 2),
(1, 'IF31204', 2),
(1, 'IF31290', 2),
(1, 'IF32101', 3),
(1, 'IF32102', 3),
(1, 'IF32103', 3),
(1, 'IF32201', 4),
(1, 'IF32202', 4),
(1, 'IF32203', 4),
(1, 'IF32204', 4),
(1, 'IF32290', 4),
(1, 'IF33101', 5),
(1, 'IF33102', 5),
(1, 'IF33103', 5),
(1, 'IF33190', 5),
(1, 'IF33290', 6),
(1, 'IF33291', 6),
(1, 'KU31101', 1),
(1, 'KU31102', 1),
(1, 'KU31202', 2),
(1, 'KU32101', 3),
(1, 'KU32102', 3),
(1, 'KU32201', 4),
(1, 'KU33101', 5),
(1, 'KU33102', 5),
(1, 'KU33201', 6),
(1, 'KU33202', 6),
(1, 'KU33203', 6),
(1, 'KU33204', 6),
(1, 'KU33205', 6),
(1, 'KU41102', 1),
(1, 'MA31101', 1),
(1, 'MA33101', 5),
(1, 'NW31101', 1),
(1, 'NW31201', 2),
(1, 'NW32101', 3),
(2, 'CE31101', 1),
(2, 'CE31102', 1),
(2, 'CE31201', 2),
(2, 'CE31202', 2),
(2, 'CE31203', 2),
(2, 'CE31290', 2),
(2, 'CE32101', 3),
(2, 'CE32102', 3),
(2, 'CE32103', 3),
(2, 'CE32201', 4),
(2, 'CE32202', 4),
(2, 'CE32203', 4),
(2, 'CE32204', 4),
(2, 'CE32205', 4),
(2, 'CE32290', 4),
(2, 'CE33101', 5),
(2, 'CE33102', 5),
(2, 'CE33103', 5),
(2, 'CE33104', 5),
(2, 'CE33190', 5),
(2, 'CE33201', 6),
(2, 'CE33290', 6),
(2, 'CE33291', 6),
(2, 'IF31101', 1),
(2, 'IF31102', 1),
(2, 'IF31180', 1),
(2, 'IF31201', 2),
(2, 'IF31280', 2),
(2, 'IF32180', 3),
(2, 'IF32181', 3),
(2, 'KU31101', 1),
(2, 'KU31103', 1),
(2, 'KU31201', 4),
(2, 'KU31202', 2),
(2, 'KU32101', 3),
(2, 'KU32201', 4),
(2, 'KU33102', 5),
(2, 'KU33201', 6),
(2, 'KU33202', 6),
(2, 'KU33205', 6),
(2, 'KU33206', 6),
(2, 'MA31101', 1),
(2, 'MA32101', 3),
(3, 'IF41101', 1),
(3, 'IF41102', 1),
(3, 'IF41103', 1),
(3, 'IF41104', 1),
(3, 'IF41201', 2),
(3, 'IF41202', 2),
(3, 'IF41203', 2),
(3, 'IF41204', 2),
(3, 'IF41290', 2),
(3, 'IF42101', 3),
(3, 'IF42102', 3),
(3, 'IF42103', 3),
(3, 'IF42201', 4),
(3, 'IF42202', 4),
(3, 'IF42203', 4),
(3, 'IF42204', 4),
(3, 'IF42290', 4),
(3, 'IF43101', 5),
(3, 'IF43102', 5),
(3, 'IF43103', 5),
(3, 'IF43104', 5),
(3, 'IF43290', 6),
(3, 'IF44101', 7),
(3, 'IF44102', 7),
(3, 'IF44103', 7),
(3, 'IF44104', 7),
(3, 'IF44105', 7),
(3, 'IF44190', 7),
(3, 'IF44191', 7),
(3, 'IF44206', 6),
(3, 'IF44207', 6),
(3, 'IF44290', 8),
(3, 'IF44291', 8),
(3, 'IF44292', 8),
(3, 'IF44293', 8),
(3, 'KU41101', 1),
(3, 'KU41102', 1),
(3, 'KU41201', 2),
(3, 'KU42101', 3),
(3, 'KU42102', 3),
(3, 'KU42201', 4),
(3, 'KU43101', 5),
(3, 'KU43102', 5),
(3, 'KU43201', 6),
(3, 'KU43202', 6),
(3, 'KU43203', 6),
(3, 'KU43204', 6),
(3, 'KU43205', 6),
(3, 'KU44101', 7),
(3, 'MA41101', 1),
(3, 'MA43101', 5),
(3, 'NW41101', 1),
(3, 'NW41201', 2),
(3, 'NW42101', 3);

-- --------------------------------------------------------

--
-- Table structure for table `kurikulum_2019`
--

CREATE TABLE `kurikulum_2019` (
  `id_prodi` int(1) NOT NULL,
  `kode` varchar(8) NOT NULL,
  `semester` int(1) NOT NULL
) ENGINE=InnoDB DEFAULT CHARSET=utf8mb4;

--
-- Dumping data for table `kurikulum_2019`
--

INSERT INTO `kurikulum_2019` (`id_prodi`, `kode`, `semester`) VALUES
(1, '1031101', 1),
(1, '1031102', 1),
(1, '1031103', 1),
(1, '1031201', 2),
(1, '1031202', 2),
(1, '1032101', 3),
(1, '1032201', 4),
(1, '1033101', 5),
(1, '1131104', 1),
(1, '1131105', 1),
(1, '1131203', 2),
(1, '1131204', 2),
(1, '1131205', 2),
(1, '1131290', 2),
(1, '1132102', 3),
(1, '1132103', 3),
(1, '1132104', 3),
(1, '1132202', 4),
(1, '1132203', 4),
(1, '1132204', 4),
(1, '1132205', 3),
(1, '1132290', 4),
(1, '1133102', 5),
(1, '1133103', 5),
(1, '1133104', 5),
(1, '1133190', 5),
(1, '1133201', 6),
(1, '1133202', 6),
(1, '1133290', 6),
(1, '1133291', 6),
(1, 'KU31101', 1),
(1, 'KU31102', 1),
(1, 'KU31201', 2),
(1, 'KU32101', 3),
(1, 'KU32201', 4),
(1, 'KU32202', 4),
(1, 'KU33101', 5),
(1, 'KU33201', 6),
(1, 'KU33202', 6),
(1, 'KU33203', 6),
(1, 'MA32101', 3),
(1, 'TI31101', 1),
(1, 'TI33101', 5),
(2, '1031101', 1),
(2, '1031102', 1),
(2, '1031103', 1),
(2, '1031201', 2),
(2, '1031202', 2),
(2, '1031203', 2),
(2, '1032101', 3),
(2, '1331104', 1),
(2, '1331105', 1),
(2, '1331204', 2),
(2, '1331205', 2),
(2, '1331206', 2),
(2, '1332102', 3),
(2, '1332103', 3),
(2, '1332104', 3),
(2, '1332105', 3),
(2, '1332201', 4),
(2, '1332202', 4),
(2, '1332203', 4),
(2, '1332204', 4),
(2, '1332205', 4),
(2, '1333101', 5),
(2, '1333102', 5),
(2, '1333103', 5),
(2, '1333104', 5),
(2, '1333105', 5),
(2, '1333201', 6),
(2, '1333202', 6),
(2, '1333203', 6),
(2, '1333204', 6),
(2, '1333290', 6),
(2, 'KU31101', 1),
(2, 'KU31102', 1),
(2, 'KU31201', 2),
(2, 'KU32101', 3),
(2, 'KU32201', 4),
(2, 'KU32202', 4),
(2, 'KU33101', 5),
(2, 'KU33201', 6),
(2, 'KU33202', 6),
(2, 'KU33203', 6),
(2, 'MA32101', 3),
(2, 'TI31101', 1),
(2, 'TI33101', 5),
(3, '1041101', 1),
(3, '1041102', 1),
(3, '1041103', 1),
(3, '1041202', 2),
(3, '1042101', 3),
(3, '1042102', 3),
(3, '1141104', 1),
(3, '1141105', 1),
(3, '1141203', 2),
(3, '1141204', 2),
(3, '1141205', 2),
(3, '1141290', 2),
(3, '1142103', 3),
(3, '1142104', 3),
(3, '1142105', 3),
(3, '1142106', 3),
(3, '1142201', 4),
(3, '1142202', 4),
(3, '1142203', 4),
(3, '1142290', 4),
(3, '1143101', 5),
(3, '1143102', 5),
(3, '1143103', 5),
(3, '1143104', 5),
(3, '1143105', 5),
(3, '1143106', 5),
(3, '1143201', 6),
(3, '1143202', 6),
(3, '1143203', 5),
(3, '1143204', 6),
(3, '1143290', 6),
(3, '1144101', 7),
(3, '1144102', 7),
(3, '1144103', 7),
(3, '1144104', 7),
(3, '1144105', 7),
(3, '1144106', 8),
(3, '1144190', 7),
(3, '1144201', 8),
(3, '1144290', 8),
(3, '1144291', 8),
(3, 'KU41101', 1),
(3, 'KU41102', 1),
(3, 'KU41201', 2),
(3, 'KU41202', 2),
(3, 'KU42101', 3),
(3, 'KU42201', 4),
(3, 'KU43101', 5),
(3, 'KU43201', 6),
(3, 'KU43202', 6),
(3, 'KU43203', 6),
(3, 'MA42201', 4),
(3, 'TI41101', 1),
(3, 'TI44101', 7),
(4, '10S1001', 1),
(4, '10S1001', 2),
(4, '10S2001', 3),
(4, '10S2102', 4),
(4, '10S2201', 4),
(4, '10S2202', 4),
(4, '10S2203', 4),
(4, '10S3109', 5),
(4, '11S2110', 3),
(4, '11S2203', 4),
(4, '11S2206', 4),
(4, '11S3101', 5),
(4, '11S3105', 5),
(4, '11S3109', 5),
(4, '11S3112', 5),
(4, '11S3116', 5),
(4, '11S3204', 6),
(4, '11S3207', 6),
(4, '11S3208', 6),
(4, '11S3211', 6),
(4, '11S4025', 8),
(4, '11S4026', 8),
(4, '11S4027', 8),
(4, '11S4028', 7),
(4, '11S4029', 8),
(4, '11S4030', 8),
(4, '11S4031', 7),
(4, '11S4032', 8),
(4, '11S4035', 8),
(4, '11S4036', 8),
(4, '11S4037', 7),
(4, '11S4038', 8),
(4, '11S4040', 8),
(4, '11S4093', 7),
(4, '11S4094', 8),
(4, '11S4095', 8),
(4, '11S4190', 7),
(4, '12S2102', 3),
(4, '12S4005', 8),
(4, '13S3215', 6),
(4, '13S4033', 8),
(4, '14S2106', 3),
(4, '31S4201', 8),
(4, 'FIS1102', 1),
(4, 'FIS1102', 2),
(4, 'KUS1001', 1),
(4, 'KUS1001', 2),
(4, 'KUS1101', 1),
(4, 'KUS1101', 2),
(4, 'KUS1102', 1),
(4, 'KUS1102', 2),
(4, 'KUS2001', 6),
(4, 'KUS3001', 8),
(4, 'KUS3002', 3),
(4, 'KUS4101', 8),
(4, 'MAS1101', 1),
(4, 'MAS1101', 2),
(4, 'MAS2001', 3),
(4, 'TIS1101', 1),
(4, 'TIS1101', 2),
(4, 'TIS3001', 8),
(5, '11S2180', 3),
(5, '12S4081', 6),
(5, '21S1101', 1),
(5, '21S1102', 1),
(5, '21S1201', 2),
(5, '21S2101', 3),
(5, '21S2102', 3),
(5, '21S2103', 3),
(5, '21S2104', 3),
(5, '21S2201', 4),
(5, '21S2202', 4),
(5, '21S2203', 4),
(5, '21S2204', 4),
(5, '21S2205', 4),
(5, '21S2206', 4),
(5, '21S2207', 4),
(5, '21S3101', 5),
(5, '21S3102', 5),
(5, '21S3103', 5),
(5, '21S3104', 5),
(5, '21S3105', 5),
(5, '21S3201', 6),
(5, '21S3202', 6),
(5, '21S3203', 6),
(5, '21S3204', 6),
(5, '21S3205', 6),
(5, '21S3206', 6),
(5, '21S4090', 7),
(5, '21S4091', 7),
(5, '21S4092', 8),
(5, '21S4101', 7),
(5, '21S4102', 7),
(5, '21S4103', 7),
(5, '21S4104', 7),
(5, '21S4105', 7),
(5, '21S4106', 7),
(5, '21S4107', 7),
(5, '21S4108', 7),
(5, '21S4109', 8),
(5, '21S4201', 8),
(5, '21S4202', 8),
(5, '21S4203', 8),
(5, '21S4204', 8),
(5, '21S4205', 8),
(5, '21S4206', 8),
(5, 'FIS11021', 1),
(5, 'FIS1202', 2),
(5, 'KIS10012', 2),
(5, 'KUS1001', 2),
(5, 'KUS1101', 1),
(5, 'KUS1102', 1),
(5, 'KUS1201', 2),
(5, 'KUS1202', 2),
(5, 'KUS2001', 3),
(5, 'KUS3001', 5),
(5, 'KUS3002', 8),
(5, 'KUS4101', 3),
(5, 'MAS1101', 1),
(5, 'MAS1201', 2),
(5, 'MAS2001', 3),
(5, 'TIS1101', 1),
(5, 'TIS3001', 5),
(6, '10S1001', 2),
(6, '10S1002', 2),
(6, '10S2001', 2),
(6, '10S2101', 3),
(6, '10S2201', 4),
(6, '10S2202', 4),
(6, '10S2203', 4),
(6, '10S3001', 5),
(6, '11S1213', 3),
(6, '11S4030', 8),
(6, '11S4037', 7),
(6, '12S1101', 1),
(6, '12S1102', 1),
(6, '12S2101', 3),
(6, '12S2102', 3),
(6, '12S2201', 4),
(6, '12S2202', 4),
(6, '12S2203', 4),
(6, '12S3101', 5),
(6, '12S3102', 5),
(6, '12S3103', 5),
(6, '12S3201', 6),
(6, '12S3202', 6),
(6, '12S3203', 6),
(6, '12S3204', 6),
(6, '12S4001', 7),
(6, '12S4002', 8),
(6, '12S4003', 7),
(6, '12S4004', 7),
(6, '12S4005', 8),
(6, '12S4006', 8),
(6, '12S4051', 7),
(6, '12S4052', 7),
(6, '12S4053', 7),
(6, '12S4054', 7),
(6, '12S4055', 7),
(6, '12S4056', 7),
(6, '12S4057', 8),
(6, '12S4058', 8),
(6, '12S4059', 8),
(6, '12S4071', 8),
(6, '12S4072', 8),
(6, '12S4081', 8),
(6, '12S4082', 8),
(6, '21S4080', 7),
(6, '21S4201', 8),
(6, 'FIS11031', 1),
(6, 'KUS1001', 2),
(6, 'KUS1101', 1),
(6, 'KUS1102', 1),
(6, 'KUS1201', 2),
(6, 'KUS1202', 2),
(6, 'KUS2001', 3),
(6, 'KUS3001', 6),
(6, 'KUS3002', 6),
(6, 'KUS4101', 5),
(6, 'MAS1101', 1),
(6, 'MAS1201', 2),
(6, 'MAS2001', 3),
(6, 'TIS1101', 1),
(6, 'TIS3001', 5),
(7, '10S1001', 2),
(7, '10S1002', 2),
(7, '10S2001', 2),
(7, '10S2101', 3),
(7, '10S2201', 4),
(7, '10S2202', 4),
(7, '10S2203', 4),
(7, '10S3001', 5),
(7, '11S1213', 3),
(7, '11S4030', 8),
(7, '11S4037', 7),
(7, '12S1101', 1),
(7, '12S1102', 1),
(7, '12S2101', 3),
(7, '12S2102', 3),
(7, '12S2201', 4),
(7, '12S2202', 4),
(7, '12S2203', 4),
(7, '12S3101', 5),
(7, '12S3102', 5),
(7, '12S3103', 5),
(7, '12S3201', 6),
(7, '12S3202', 6),
(7, '12S3203', 6),
(7, '12S3204', 6),
(7, '12S4001', 7),
(7, '12S4002', 8),
(7, '12S4003', 7),
(7, '12S4004', 7),
(7, '12S4005', 8),
(7, '12S4006', 8),
(7, '12S4051', 7),
(7, '12S4052', 7),
(7, '12S4053', 7),
(7, '12S4054', 7),
(7, '12S4055', 7),
(7, '12S4056', 7),
(7, '12S4057', 8),
(7, '12S4058', 8),
(7, '12S4059', 8),
(7, '12S4071', 8),
(7, '12S4072', 8),
(7, '12S4081', 8),
(7, '12S4082', 8),
(7, '21S4080', 7),
(7, '21S4201', 8),
(7, 'FIS1103', 1),
(7, 'KUS1001', 2),
(7, 'KUS1101', 1),
(7, 'KUS1102', 1),
(7, 'KUS1201', 2),
(7, 'KUS1202', 2),
(7, 'KUS2001', 3),
(7, 'KUS3001', 6),
(7, 'KUS3002', 6),
(7, 'KUS4101', 5),
(7, 'MAS1101', 1),
(7, 'MAS1201', 2),
(7, 'MAS2001', 3),
(7, 'TIS1101', 1),
(7, 'TIS3001', 5),
(8, '10S1001', 2),
(8, '10S2101', 3),
(8, '10S2203', 4),
(8, '11S4030', 8),
(8, '12S3202', 6),
(8, '14S1201', 2),
(8, '14S1202', 2),
(8, '14S1203', 2),
(8, '14S2101', 3),
(8, '14S2102', 3),
(8, '14S2103', 3),
(8, '14S2104', 3),
(8, '14S2105', 3),
(8, '14S2201', 4),
(8, '14S2202', 4),
(8, '14S2203', 4),
(8, '14S2204', 4),
(8, '14S2205', 4),
(8, '14S3101', 5),
(8, '14S3102', 5),
(8, '14S3103', 5),
(8, '14S3104', 5),
(8, '14S3105', 5),
(8, '14S3106', 5),
(8, '14S3111', 5),
(8, '14S3112', 5),
(8, '14S3121', 5),
(8, '14S3122', 5),
(8, '14S3201', 6),
(8, '14S3202', 6),
(8, '14S3203', 6),
(8, '14S3204', 6),
(8, '14S3205', 6),
(8, '14S3211', 6),
(8, '14S3212', 6),
(8, '14S3221', 6),
(8, '14S3222', 6),
(8, '14S4001', 8),
(8, '14S4002', 7),
(8, '14S4003', 7),
(8, '14S4011', 7),
(8, '14S4012', 7),
(8, '14S4013', 7),
(8, '14S4014', 7),
(8, '14S4021', 7),
(8, '14S4022', 8),
(8, '14S4023', 8),
(8, '14S4024', 7),
(8, '14S4090', 7),
(8, '14S4091', 7),
(8, '14S4092', 8),
(8, '14S4102', 7),
(8, '21S3201', 8),
(8, '21S4204', 8),
(8, 'FIS2101', 1),
(8, 'FIS2201', 2),
(8, 'KIS1001', 1),
(8, 'KUS1001', 1),
(8, 'KUS1101', 1),
(8, 'KUS1102', 1),
(8, 'KUS1201', 2),
(8, 'KUS1202', 2),
(8, 'KUS2001', 6),
(8, 'KUS3001', 8),
(8, 'KUS3002', 8),
(8, 'KUS4101', 7),
(8, 'MAS1101', 1),
(8, 'MAS1201', 2),
(8, 'MAS2001', 4),
(8, 'MAS2101', 3),
(8, 'MAS2102', 4),
(8, 'TIS1101', 1),
(8, 'TIS3001', 8);

-- --------------------------------------------------------

--
-- Table structure for table `mk_2014`
--

CREATE TABLE `mk_2014` (
  `kode` varchar(7) NOT NULL,
  `nama_mk` varchar(50) NOT NULL,
  `sks` int(2) NOT NULL
) ENGINE=InnoDB DEFAULT CHARSET=utf8mb4;

--
-- Dumping data for table `mk_2014`
--

INSERT INTO `mk_2014` (`kode`, `nama_mk`, `sks`) VALUES
('BIS1201', 'Biologi Umum', 2),
('BIS1202', 'Praktikum Biologi Umum', 1),
('BIS2101', 'Mikrobiologi Umum', 2),
('BIS2102', 'Praktikum Mikrobiologi Umum', 1),
('BIS2201', 'Genetika dan Biologi Molekuler', 2),
('BIS2202', 'Praktikum Genetika dan Biologi Molekuler', 1),
('BIS3201', 'Fisiologi', 3),
('BIS3202', 'Mikrobiologi Industri', 2),
('BPS1101', 'Sains Teknologi dan Seni di Masyarakat', 2),
('BPS1201', 'Pengantar Desain Rekayasa', 2),
('BPS2201', 'Analisis Instrumental', 2),
('BPS2202', 'Praktikum Analisis Instrumental', 1),
('BPS2203', 'Analisis Pemodelan dan Komputasi Proses I', 3),
('BPS2204', 'Operasi Fisik Pendukung I', 3),
('BPS2205', 'Termodinamika Kimiawi', 3),
('BPS2281', 'Teknologi Proses dan Produk Hayati', 3),
('BPS3101', 'Fenomena Transpor', 3),
('BPS3102', 'Analisis, Pemodelan dan Komputasi Proses II', 3),
('BPS3103', 'Proses Pemisahan', 3),
('BPS3104', 'Operasi Fisik Pendukung II', 3),
('BPS3105', 'Analisis Keekonomian Rekayasa Bioproses', 3),
('BPS3107', 'Konstruksi Sosial Teknologi', 2),
('BPS3201', 'Kinetika dan Katalisa', 3),
('BPS3202', 'Laboratorium Teknik Bioproses', 3),
('BPS3280', 'Analisis Dampak Lingkungan', 2),
('BPS4101', 'Pengendalian dan Instrumentasi Proses', 2),
('BPS4102', 'Praktikum Pengendalian dan Instrumentasi Proses', 1),
('BPS4103', 'Sintesa dan Perancangan Proses', 3),
('BPS4104', 'Utilitas dan Pengolahan Limbah', 3),
('BPS4105', 'Teknik Reaktor Bioproses', 3),
('BPS4107', 'Aplikasi dan Industri Teknik Bioproses', 2),
('BPS4190', 'Proyek Akhir I (Penelitian)', 2),
('BPS4201', 'Perancangan Pabrik', 3),
('BPS4202', 'Etika Profesional', 2),
('BPS4290', 'Kerja Praktek', 2),
('BPS4291', 'Proyek Akhir II (Penelitian)', 4),
('ELS1101', 'Sains Teknologi dan Seni di Masyarakat', 2),
('ELS1201', 'Pengantar Analisis Rangkaian', 2),
('ELS1202', 'Pengantar Desain Rekayasa', 2),
('ELS2101', 'Rangkaian Elektrik', 4),
('ELS2102', 'Praktikum Rangkaian Elektrik', 1),
('ELS2103', 'Sistem Digital', 4),
('ELS2104', 'Praktikum Sistem Digital', 1),
('ELS2180', 'Sistem Digital', 3),
('ELS2201', 'Elektromagnetik', 3),
('ELS2202', 'Elektronika I', 3),
('ELS2203', 'Praktikum Elektronika I', 1),
('ELS2204', 'Sistem dan Sinyal', 3),
('ELS3101', 'Elektronika II', 3),
('ELS3102', 'Praktikum Elektronika II', 1),
('ELS3103', 'Pengolahan Sinyal Digital', 3),
('ELS3104', 'Praktikum Pengolahan Sinyal Digital', 1),
('ELS3105', 'Material Teknik Elektro', 3),
('ELS3106', 'Sistem Tenaga Elektrik', 3),
('ELS3201', 'Sistem Instrumentasi', 3),
('ELS3202', 'Sistem Mikroprosesor', 3),
('ELS3203', 'Praktikum Sistem Mikroprosesor', 1),
('ELS3204', 'Sistem Kendali', 3),
('ELS3205', 'Sistem Komunikasi', 3),
('ELS4001', 'Perancangan Sistem Tertanam', 3),
('ELS4002', 'Praktikum Perancangan Sistem Tertanam', 1),
('ELS4003', 'Sistem Kendali Digital', 3),
('ELS4004', 'Pengolahan Citra Digital', 3),
('ELS4005', 'Biomedics Engineering', 3),
('ELS4006', 'Mekatronika dan Robotika', 3),
('ELS4007', 'Sistem Kendali Multivariabel', 3),
('ELS4015', 'Wireless Sensor Network', 3),
('ELS4190', 'Tugas Akhir I dan Seminar', 3),
('ELS4201', 'Etika Profesional', 2),
('ELS4290', 'Tugas Akhir II', 3),
('ELS4291', 'Kerja Praktek', 2),
('FIS1101', 'Fisika Dasar I', 4),
('FIS1201', 'Fisika Dasar II (+P)', 4),
('IFS1101', 'Pengantar Teknologi Informasi', 2),
('IFS1102', 'Pemrograman I', 2),
('IFS1103', 'Sains Teknologi dan Seni di Masyarakat', 2),
('IFS1201', 'Pemrograman II', 2),
('IFS1202', 'Dasar Rekayasa Perangkat Lunak', 3),
('IFS1203', 'Pengantar Desain Rekayasa', 2),
('IFS2101', 'Algoritma dan Struktur Data', 3),
('IFS2102', 'Logika Informatika', 3),
('IFS2103', 'Pengantar Pemrograman', 2),
('IFS2180', 'Pengantar Pemrograman', 2),
('IFS2201', 'Interaksi Manusia dan Komputer', 3),
('IFS2202', 'Strategi Algoritma', 3),
('IFS2203', 'Pemrograman Berorientasi Objek', 3),
('IFS2280', 'Pemecahan Masalah dengan C', 3),
('IFS3101', 'Kecerdasan Buatan', 3),
('IFS3102', 'Teori Bahasa Formal dan Automata', 3),
('IFS3103', 'Pengembangan Aplikasi Berbasis Web', 3),
('IFS3201', 'Pengembangan Aplikasi pada Platform Khusus', 4),
('IFS3202', 'Manajemen Proyek Perangkat Lunak', 4),
('IFS3203', 'Grafika Komputer', 3),
('IFS3204', 'Socio-Informatika dan Profesionalisme', 2),
('IFS4013', 'Kriptografi', 3),
('IFS4014', 'Pemodelan dan Simulasi', 3),
('IFS4019', 'Pemrosesan Teks dan Suara Bahasa Alami', 3),
('IFS4020', 'Pembangunan Aplikasi Berbasis Service', 3),
('IFS4021', 'Rekayasa Perangkat Lunak Berbasis Komponen', 3),
('IFS4023', 'Pembangunan Aplikasi berbasis Grafik 3D', 3),
('IFS4025', 'Pembelajaran Mesin', 3),
('IFS4026', 'Pengujian Perangkat Lunak', 3),
('IFS4027', 'Pembelajaran Mesin Lanjut', 3),
('IFS4101', 'Rekayasa Perangkat Lunak Spesifik Domain', 2),
('IFS4190', 'Kerja Praktek', 2),
('IFS4191', 'Tugas Akhir 1 dan Seminar', 4),
('IFS4290', 'Tugas Akhir 2', 4),
('ISS1001', 'Dasar Sistem Informasi', 3),
('ISS1101', 'Sains Teknologi dan Seni di Masyarakat', 2),
('ISS1102', 'Pemrograman I', 2),
('ISS1201', 'Pengantar Desain Rekayasa', 2),
('ISS1202', 'Pemrograman II', 2),
('ISS2101', 'Basis Data', 3),
('ISS2102', 'Organisasi dan Manajemen Industri', 3),
('ISS2201', 'Analisis Kebutuhan Sistem', 3),
('ISS3101', 'Basis Data Lanjut', 3),
('ISS3102', 'Kecerdasan Buatan', 4),
('ISS3103', 'Pemrograman Aplikasi Berbasis Web', 4),
('ISS3104', 'Pengantar Jaringan Komputer', 3),
('ISS3201', 'Proyek Sistem Informasi', 4),
('ISS3202', 'Keamanan Sistem', 3),
('ISS3203', 'Gudang Data dan Kecerdasan Bisnis', 3),
('ISS3204', 'Socio-Informatika dan Profesionalisme', 2),
('ISS3205', 'Perencanaan Sumber Daya Perusahaan', 4),
('ISS3280', 'Pengenalan Sistem Informasi dan Basis Data', 3),
('ISS4003', 'Data Mining', 3),
('ISS4008', 'Audit Teknologi Informasi', 3),
('ISS4011', 'Sistem Temu Balik Informasi', 3),
('ISS4014', 'Pengolahan Bahasa Alami', 3),
('ISS4015', 'Keamanan Sistem Lanjut', 3),
('ISS4018', 'Manajemen Proyek', 3),
('ISS4101', 'Topik Khusus Bidang Minat Sistem Enterprise', 2),
('ISS4190', 'Kerja Praktek', 2),
('ISS4191', 'Tugas Akhir 1 dan Seminar', 4),
('ISS4290', 'Tugas Akhir II', 4),
('KIS1001', 'Kimia Dasar', 4),
('KIS1202', 'Kimia Organik', 3),
('KIS2101', 'Praktikum Kimia Organik', 1),
('KIS2102', 'Kimia Fisik', 3),
('KIS2103', 'Praktikum Kimia Fisik', 1),
('KIS2104', 'Biokimia', 3),
('KIS2201', 'Praktikum Biokimia', 1),
('KUS1001', 'Tata Tulis Karya Ilmiah', 2),
('KUS1101', 'Pembentukan Karakter Del', 2),
('KUS1102', 'Bahasa Inggris I', 2),
('KUS1201', 'Bahasa Inggris II', 2),
('KUS2001', 'Bahasa Inggris III', 2),
('KUS2201', 'Agama dan Etika', 2),
('KUS3201', 'Hukum dan Etika Cyber', 2),
('KUS4101', 'Pancasila dan Kewarganegaraan', 2),
('MAS1101', 'Matematika Dasar I', 4),
('MAS1201', 'Matematika Dasar II', 4),
('MAS2001', 'Probabilitas dan Statistika', 3),
('MAS2101', 'Matematika Teknik I', 3),
('MAS2102', 'Matematika Diskrit', 3),
('MAS2103', 'Aljabar Linear', 3),
('MAS2104', 'Analisis Numerik', 3),
('MAS2105', 'Persamaan Diferensial Ordiner', 3),
('MAS2201', 'Matematika Teknik II', 3),
('MAS2202', 'Aljabar dan Geometri', 3),
('MAS2203', 'Matematika Lanjut', 3),
('MAS2204', 'Statistika Inferensi', 3),
('MAS2205', 'Kalkulus Vektor dan Persamaan Diferensial Parsial', 4),
('MRS1101', 'Sains Teknologi dan Seni di Masyarakat', 2),
('MRS1102', 'Pengantar Manajemen Rekayasa', 2),
('MRS1201', 'Pengantar Desain Rekayasa', 2),
('MRS2101', 'Ekonomika Teknik', 3),
('MRS2102', 'Teknologi Produksi dan Energi', 3),
('MRS2103', 'Visualisasi dan Gambar Teknik', 2),
('MRS2104', 'Termodinamika Teknik', 4),
('MRS2201', 'Penelitian Operasional I', 3),
('MRS2202', 'Berpikir Sistem', 2),
('MRS2203', 'Perencanaan dan Pengendalian Produksi', 2),
('MRS2204', 'Praktikum Sistem Produksi', 2),
('MRS3101', 'Perancangan Proses Bisnis dan Organisasi', 3),
('MRS3102', 'Akuntansi Biaya', 3),
('MRS3103', 'Penelitian Operasional II', 3),
('MRS3104', 'Perancangan Model Bisnis', 3),
('MRS3105', 'Penelitian Pasar dan Pemasaran', 3),
('MRS3106', 'Perancangan dan Pengembangan Produk', 2),
('MRS3107', 'Metodologi Penelitian', 2),
('MRS3180', 'Technopreneurship', 2),
('MRS3201', 'Pembiayaan Proyek', 3),
('MRS3202', 'Manajemen Proyek Rekayasa', 3),
('MRS3203', 'Kewirausahaan Berbasis Teknologi Lanjut', 3),
('MRS3204', 'Rekayasa Logistik', 2),
('MRS3205', 'Praktikum Optimasi dan Simulasi Bisnis', 1),
('MRS3280', 'Kewirausahaan Berbasis Teknologi', 3),
('MRS4001', 'Kepemimpinan Bisnis', 3),
('MRS4002', 'Manajemen Strategi', 3),
('MRS4009', 'Asesmen Teknologi', 3),
('MRS4010', 'Perancangan Produk Inovatif', 3),
('MRS4012', 'Perancangan Six Sigma', 3),
('MRS4015', 'Proyek Penelitian Akademis bidang Pemasaran', 3),
('MRS4101', 'Kajian Kelayakan Bisnis', 3),
('MRS4102', 'Simulasi Sistem', 3),
('MRS4103', 'Rekayasa Mutu', 2),
('MRS4191', 'Desain Proyek Rekayasa (Capstone)', 5),
('MRS4192', 'Kerja Praktek', 2),
('MRS4201', 'Etika Profesional', 2),
('MRS4280', 'Kewirausahaan Berbasis Teknologi', 3),
('MRS4281', 'Kepemimpinan Bisnis', 3),
('MRS4291', 'Tugas Akhir', 5),
('NWS2201', 'Arsitektur dan Organisasi Komputer', 3),
('NWS2202', 'Sistem Operasi', 3),
('NWS3101', 'Jaringan Komputer', 3),
('NWS3102', 'Arsitektur Sistem Komputer', 3),
('NWS3103', 'Praktikum Arsitektur Sistem Komputer', 1),
('NWS3201', 'Sistem Paralel dan Terdistribusi', 3),
('NWS3202', 'Jaringan Komputer', 3),
('NWS3203', 'Praktikum Jaringan Komputer', 1);

-- --------------------------------------------------------

--
-- Table structure for table `mk_2016`
--

CREATE TABLE `mk_2016` (
  `kode` varchar(7) NOT NULL,
  `nama_mk` varchar(50) NOT NULL,
  `sks` int(1) NOT NULL
) ENGINE=InnoDB DEFAULT CHARSET=utf8mb4;

--
-- Dumping data for table `mk_2016`
--

INSERT INTO `mk_2016` (`kode`, `nama_mk`, `sks`) VALUES
('CE31101', 'Organisasi dan Arsitektur Komputer', 3),
('CE31102', 'Perancangan Antar Muka Pengguna', 2),
('CE31201', 'Sistem Operasi', 3),
('CE31202', 'Dasar Elektronika', 2),
('CE31203', 'Jaringan Komputer', 3),
('CE31290', 'Proyek Akhir Tahun I', 3),
('CE32101', 'Komunikasi Data', 2),
('CE32102', 'Antar Jaringan I', 3),
('CE32103', 'Manajemen Media Penyimpanan Enterprise', 3),
('CE32201', 'Pemrograman Sistem', 3),
('CE32202', 'Logika Digital', 2),
('CE32203', 'Perangkat Lunak Sistem Jaringan', 3),
('CE32204', 'Sistem Terdistribusi', 3),
('CE32205', 'Virtualisasi Komputer', 3),
('CE32290', 'Proyek Akhir Tahun II', 3),
('CE33101', 'Administrasi Jaringan', 3),
('CE33102', 'Antar Jaringan II', 3),
('CE33103', 'Sistem Tertanam', 3),
('CE33104', 'Penerapan Infrastruktur Cloud', 4),
('CE33190', 'Tugas Akhir I', 4),
('CE33201', 'Keamanan Jaringan', 3),
('CE33290', 'Kerja Praktek', 4),
('CE33291', 'Tugas Akhir II', 4),
('IF31101', 'Pengantar Teknologi Informasi', 2),
('IF31102', 'Dasar Pemrograman', 3),
('IF31103', 'Pengembangan Situs Web I', 3),
('IF31104', 'Pengenalan Rekayasa Perangkat Lunak', 3),
('IF31180', 'Pengembangan Situs Web', 3),
('IF31201', 'Algoritma & Struktur Data', 3),
('IF31202', 'Analisis Kebutuhan Perangkat Lunak', 3),
('IF31203', 'Pengembangan Situs Web II', 3),
('IF31204', 'Pengenalan Basis Data', 3),
('IF31280', 'Pemrograman Berorientasi Objek', 3),
('IF31290', 'Proyek Akhir Tahun I', 3),
('IF32101', 'Perancangan Antarmuka Pengguna', 3),
('IF32102', 'Sistem Basis Data', 3),
('IF32103', 'Object-Oriented Software Development', 4),
('IF32180', 'Pengembangan Aplikasi Berbasis Internet', 4),
('IF32181', 'Basis Data', 3),
('IF32201', 'Pemrograman Berorientasi Objek', 3),
('IF32202', 'Pengembangan Aplikasi Mobile', 3),
('IF32203', 'Pengembangan Aplikasi Terdistribusi', 3),
('IF32204', 'Pengujian Perangkat Lunak', 3),
('IF32290', 'Proyek Akhir Tahun II', 4),
('IF33101', 'Algoritma Lanjut', 3),
('IF33102', 'Keamanan Perangkat Lunak', 3),
('IF33103', 'Pengembangan Aplikasi Game', 3),
('IF33190', 'Tugas Akhir I', 3),
('IF33290', 'Kerja Praktek', 4),
('IF33291', 'Tugas Akhir II', 4),
('IF41101', 'Pengantar Teknologi Informasi', 2),
('IF41102', 'Dasar Pemrograman', 3),
('IF41103', 'Pengembangan Situs Web I', 3),
('IF41104', 'Pengenalan Rekayasa Perangkat Lunak', 3),
('IF41201', 'Algoritma & Struktur Data', 3),
('IF41202', 'Analisis Kebutuhan Perangkat Lunak', 3),
('IF41203', 'Pengembangan Situs Web II', 3),
('IF41204', 'Pengenalan Basis Data', 3),
('IF41290', 'Proyek Akhir Tahun I', 3),
('IF42101', 'Perancangan Antarmuka Pengguna', 3),
('IF42102', 'Sistem Basis Data', 3),
('IF42103', 'Object-Oriented Software Development', 4),
('IF42201', 'Pemrograman Berorientasi Objek', 3),
('IF42202', 'Pengembangan Aplikasi Mobile', 3),
('IF42203', 'Pengembangan Aplikasi Terdistribusi', 3),
('IF42204', 'Pengujian Perangkat Lunak', 3),
('IF42290', 'Proyek Akhir Tahun II', 4),
('IF43101', 'Algoritma Lanjut', 3),
('IF43102', 'Keamanan Perangkat Lunak', 3),
('IF43103', 'Metode Penelitian', 3),
('IF43104', 'Pengembangan Aplikasi Game', 3),
('IF43290', 'Proyek Akhir III', 4),
('IF44101', 'Business Process Reengineering', 2),
('IF44102', 'Design Thinking', 2),
('IF44103', 'Kualitas Perangkat Lunak', 2),
('IF44104', 'Arsitektur dan Perancangan Perangkat Lunak', 3),
('IF44105', 'Manajemen Proyek', 3),
('IF44190', 'Magang Industri', 2),
('IF44191', 'Tugas Akhir I', 3),
('IF44206', 'Kecerdasan Buatan', 3),
('IF44207', 'Pembelajaran Mesin', 3),
('IF44290', 'Kapita Selekta', 2),
('IF44291', 'Kerja Praktek Industri', 4),
('IF44292', 'Studi Mandiri/Sertifikasi Profesional', 4),
('IF44293', 'Tugas Akhir II', 4),
('KU31101', 'Bahasa Inggris I', 2),
('KU31102', 'Pembentukan Karakter Del', 2),
('KU31103', 'Pembentukan Karakter Del', 2),
('KU31201', 'Bahasa Indonesia', 2),
('KU31202', 'Bahasa Inggris II', 2),
('KU32101', 'Bahasa Inggris III', 2),
('KU32102', 'Kreativitas dan Inovasi', 3),
('KU32201', 'Bahasa Inggris IV', 2),
('KU33101', 'Bahasa Indonesia', 2),
('KU33102', 'Bahasa Inggris V', 2),
('KU33201', 'Agama & Etika', 2),
('KU33202', 'Bahasa Inggris VI', 2),
('KU33203', 'Komputer dan Masyarakat', 2),
('KU33204', 'Komunikasi Interpersonal', 2),
('KU33205', 'Pancasila dan Kewarganegaraan', 2),
('KU33206', 'Kewirausahaan', 2),
('KU41101', 'Bahasa Inggris I', 2),
('KU41102', 'Pembentukan Karakter Del', 2),
('KU41201', 'Bahasa Inggris II', 2),
('KU42101', 'Bahasa Inggris III', 2),
('KU42102', 'Kreativitas dan Inovasi', 3),
('KU42201', 'Bahasa Inggris IV', 2),
('KU43101', 'Bahasa Indonesia', 2),
('KU43102', 'Bahasa Inggris V', 2),
('KU43201', 'Agama dan Etika', 2),
('KU43202', 'Bahasa Inggris VI', 2),
('KU43203', 'Komputer dan Masyarakat', 2),
('KU43204', 'Komunikasi Interpersonal', 2),
('KU43205', 'Pancasila dan Kewarganegaraan', 2),
('KU44101', 'Kewirausahaan', 2),
('MA31101', 'Matematika Diskrit', 3),
('MA32101', 'Probabilitas dan Statistika', 3),
('MA33101', 'Probabilitas dan Statistik', 3),
('MA41101', 'Matematika Diskrit', 3),
('MA43101', 'Probabilitas dan Statistik', 3),
('NW31101', 'Sistem Operasi', 2),
('NW31201', 'Jaringan Komputer', 3),
('NW32101', 'Arsitektur dan Organisasi Komputer', 3),
('NW41101', 'Sistem Operasi', 2),
('NW41201', 'Jaringan Komputer', 3),
('NW42101', 'Arsitektur dan Organisasi Komputer', 3);

-- --------------------------------------------------------

--
-- Table structure for table `mk_2019`
--

CREATE TABLE `mk_2019` (
  `kode` varchar(8) NOT NULL,
  `nama_mk` varchar(50) NOT NULL,
  `sks` int(2) NOT NULL
) ENGINE=InnoDB DEFAULT CHARSET=utf8mb4;

--
-- Dumping data for table `mk_2019`
--

INSERT INTO `mk_2019` (`kode`, `nama_mk`, `sks`) VALUES
('1031101', 'Dasar Pemrograman', 3),
('1031102', 'Matematika Diskrit', 3),
('1031103', 'Arsitektur dan Organisasi Komputer', 2),
('1031201', 'Algoritma & Struktur Data', 3),
('1031202', 'Sistem Operasi', 3),
('1031203', 'Aljabar Linier', 3),
('1032101', 'Jaringan Komputer', 3),
('1032201', 'Aljabar Linier', 3),
('1033101', 'Teknologi Kecerdasan Buatan', 3),
('1041101', 'Dasar Pemrograman', 3),
('1041102', 'Matematika Diskrit', 3),
('1041103', 'Arsitektur dan Organisasi Komputer', 2),
('1041202', 'Sistem Operasi', 3),
('1042101', 'Jaringan Komputer', 3),
('1042102', 'Algoritma dan Struktur Data', 3),
('10S1001', 'Matematika Diskrit', 3),
('10S1002', 'Pemrograman Prosedural', 2),
('10S2001', 'Arsitektur dan Organisasi Komputer', 3),
('10S2101', 'Algoritma dan Struktur Data', 3),
('10S2102', 'Algoritma dan Struktur Data', 4),
('10S2201', 'Aljabar Linier', 3),
('10S2202', 'Jaringan Komputer', 3),
('10S2203', 'Sistem Operasi', 3),
('10S3001', 'Kecerdasan Buatan', 4),
('10S3109', 'Kecerdasan Buatan', 3),
('1131104', 'Pengembangan Situs Web I', 3),
('1131105', 'Rekayasa Perangkat Lunak', 3),
('1131203', 'Perancangan Perangkat Lunak', 3),
('1131204', 'Pengembangan Situs Web II', 3),
('1131205', 'Pengenalan Basis Data', 3),
('1131290', 'Proyek Akhir Tahun I', 3),
('1132102', 'Pemrograman Berorientasi Objek', 3),
('1132103', 'Pengembangan Aplikasi Mobile', 3),
('1132104', 'Perancangan Antarmuka Pengguna', 3),
('1132202', 'Pemrograman Teknologi. NET', 3),
('1132203', 'Pengembangan Aplikasi Terdistribusi', 3),
('1132204', 'Pengujian dan Kualitas Perangkat Lunak', 3),
('1132205', 'Sistem Basis Data', 3),
('1132290', 'Proyek Akhir Tahun II', 3),
('1133102', 'Algoritma Lanjut', 3),
('1133103', 'Java untuk Pemrograman Aplikasi Enterprise', 3),
('1133104', 'Keamanan Perangkat Lunak', 3),
('1133190', 'Tugas Akhir I', 3),
('1133201', 'Administrasi Basis Data', 2),
('1133202', 'Social and Professional IT Ethics', 2),
('1133290', 'Tugas Akhir II', 4),
('1133291', 'Kerja Praktik', 4),
('1141104', 'Pengembangan Situs Web I', 3),
('1141105', 'Pengenalan Rekayasa Perangkat Lunak', 3),
('1141203', 'Analisis Kebutuhan Perangkat Lunak', 3),
('1141204', 'Pengembangan Situs Web II', 3),
('1141205', 'Pengenalan Basis Data', 3),
('1141290', 'Proyek Akhir Tahun I', 3),
('1142103', 'Pengembangan Perangkat Lunak Berorientasi Objek', 3),
('1142104', 'Perancangan Antarmuka Pengguna', 3),
('1142105', 'Sistem Basis Data', 3),
('1142106', 'Logika Informatika', 2),
('1142201', 'Pemrograman Berorientasi Objek', 3),
('1142202', 'Pengembangan Aplikasi Terdistribusi', 3),
('1142203', 'Pengembangan Aplikasi Mobile', 3),
('1142290', 'Proyek Akhir Tahun II', 4),
('1143101', 'Pengujian Perangkat Lunak', 3),
('1143102', 'Algoritma Lanjut', 3),
('1143103', 'Kreativitas dan Inovasi', 3),
('1143104', 'Keamanan Perangkat Lunak', 3),
('1143105', 'Automata', 3),
('1143106', 'Metodologi Penelitian', 2),
('1143201', 'Etika Profesi', 2),
('1143202', 'Design Thinking', 2),
('1143203', 'Pembelajaran Mesin', 3),
('1143204', 'Komputer dan Masyarakat', 2),
('1143290', 'Proyek Akhir Tahun III', 4),
('1144101', 'Arsitektur dan Perancangan Perangkat Lunak', 3),
('1144102', 'Manajemen Proyek', 3),
('1144103', 'Kualitas Perangkat Lunak', 2),
('1144104', 'Reenginering Perangkat Lunak', 2),
('1144105', 'Kecerdasan Buatan', 3),
('1144106', 'UI/UX Design', 3),
('1144190', 'Tugas Akhir I', 3),
('1144201', 'Studi Mandiri / Sertifikasi Profesional', 3),
('1144290', 'Tugas Akhir II', 4),
('1144291', 'Kerja Praktik Industri', 6),
('11S1213', 'Rekayasa Perangkat Lunak', 3),
('11S2110', 'Pemrograman Berorientasi Objek', 4),
('11S2180', 'Pengantar Pemrograman', 2),
('11S2203', 'Interaksi Manusia Komputer', 3),
('11S2206', 'Logika Informatika', 3),
('11S3101', 'Analisis dan Perancangan Perangkat Lunak', 3),
('11S3105', 'Kriptografi dan Keamanan Informasi', 3),
('11S3109', 'Pengembangan Aplikasi Berbasis Web', 4),
('11S3112', 'Pengujian dan Penjaminan Mutu Perangkat Lunak', 3),
('11S3116', 'Teori Bahasa Formal dan Automata', 3),
('11S3204', 'Keamanan Perangkat Lunak', 3),
('11S3207', 'Pembelajaran Mesin', 3),
('11S3208', 'Manajemen Proyek Perangkat Lunak', 4),
('11S3211', 'Pengembangan Aplikasi Mobile', 4),
('11S4025', 'Pembangunan Aplikasi Berbasis Service', 3),
('11S4026', 'Pengembangan Aplikasi Platform Khusus', 3),
('11S4027', 'Rekayasa Perangkat Lunak Spesifik Domain', 3),
('11S4028', 'Rekayasa Perangkat Lunak Berbasis Komponen', 3),
('11S4029', 'Strategi Algoritma', 3),
('11S4030', 'UI/UX Design', 3),
('11S4031', 'Ethical Hacking and Penetration Testing', 3),
('11S4032', 'Information Security Governance and Risk Manajemen', 3),
('11S4035', 'Interpretasi dan Pengolahan Citra', 3),
('11S4036', 'Pembelajaran Mesin Lanjut', 3),
('11S4037', 'Pemrosesan Bahasa Alami', 3),
('11S4038', 'Representasi Pengetahuan dan Penalaran', 3),
('11S4040', 'Pemodelan dan Simulasi', 3),
('11S4093', 'Tugas Akhir 1', 4),
('11S4094', 'Tugas Akhir 2', 4),
('11S4095', 'Kapita Selekta', 1),
('11S4190', 'Kerja Praktik', 3),
('12S1101', 'Dasar Sistem Informasi', 3),
('12S1102', 'Pemrograman Visual', 2),
('12S2101', 'Organisasi dan Manajemen', 3),
('12S2102', 'Basis Data', 4),
('12S2201', 'Analisis dan Desain Sistem', 3),
('12S2202', 'Interaksi Manusia-Komputer', 3),
('12S2203', 'Pemrograman Berorientasi Objek', 3),
('12S3101', 'Pemrograman dan Pengujian Aplikasi Web', 4),
('12S3102', 'Basis Data Lanjut', 3),
('12S3103', 'Manajemen Proyek Sistem Informasi', 3),
('12S3201', 'Perencanaan Sumber Daya Perusahaan', 4),
('12S3202', 'Gudang Data dan Kecerdasan Bisnis', 3),
('12S3203', 'Proyek Sistem Informasi', 4),
('12S3204', 'Keamanan Sistem', 3),
('12S4001', 'Tugas Akhir I', 4),
('12S4002', 'Tugas Akhir II', 4),
('12S4003', 'Kerja Praktik', 3),
('12S4004', 'Sertifikasi Profesi', 3),
('12S4005', 'Hukum dan Etika Siber', 2),
('12S4006', 'Kapita Selekta', 2),
('12S4051', 'Keamanan Sistem Lanjut', 3),
('12S4052', 'Aplikasi E-Bisnis', 3),
('12S4053', 'Audit Teknologi Informasi', 3),
('12S4054', 'Penambangan Data', 3),
('12S4055', 'Sistem Temu Balik Informasi', 3),
('12S4056', 'Visualisasi Data', 3),
('12S4057', 'Tata Kelola Data', 3),
('12S4058', 'Pengolahan Data Besar', 3),
('12S4059', 'Publikasi Ilmiah', 3),
('12S4071', 'Magang Industri', 20),
('12S4072', 'Studi Mandiri', 20),
('12S4081', 'Pengenalan Basis Data dan Sistem Informasi', 3),
('12S4082', 'Penambangan Data', 3),
('1331104', 'Pengembangan Situs Web I', 3),
('1331105', 'Pengenalan Rekayasa Perangkat Lunak', 3),
('1331204', 'Pengembangan Aplikasi Berbasis Internet', 3),
('1331205', 'Proyek Akhir Tahun I', 3),
('1331206', 'Pengenalan Basisdata', 2),
('1332102', 'Pemrograman Sistem', 3),
('1332103', 'Perancangan Antarmuka Pengguna', 3),
('1332104', 'Virtualisasi Komputer', 3),
('1332105', 'Dasar Elektronika', 2),
('1332201', 'Antar Jaringan', 3),
('1332202', 'Perangkat Lunak Sistem Jaringan', 3),
('1332203', 'Proyek Akhir Tahun II', 3),
('1332204', 'Sistem Terdistribusi', 3),
('1332205', 'Sistem Tertanam', 3),
('1333101', 'Administrasi Jaringan', 3),
('1333102', 'Keamanan Jaringan', 3),
('1333103', 'Penerapan Infrastruktur Cloud', 3),
('1333104', 'Teknologi IoT', 3),
('1333105', 'Tugas Akhir I', 3),
('1333201', 'Tugas Akhir II', 4),
('1333202', 'Etika Profesi', 2),
('1333203', 'Komunikasi Data', 2),
('1333204', 'Pengembangan Profesi', 2),
('1333290', 'Kerja Praktik', 4),
('13S3215', 'Sistem Paralel dan Terdistribusi', 3),
('13S4033', 'Keamanan Jaringan', 3),
('14S1201', 'Programming I', 2),
('14S1202', 'Praktikum Programming I', 1),
('14S1203', 'Pengantar Analisis Rangkaian', 2),
('14S2101', 'Sistem Digital', 4),
('14S2102', 'Praktikum Sistem Digital', 1),
('14S2103', 'Rangkaian Elektrik', 4),
('14S2104', 'Praktikum Rangkaian Elektrik', 1),
('14S2105', 'Basis Data', 3),
('14S2106', 'Sistem Digital', 3),
('14S2201', 'Programming II', 2),
('14S2202', 'Praktikum Programming II', 1),
('14S2203', 'Elektronika I', 3),
('14S2204', 'Praktikum Elektronika I', 1),
('14S2205', 'Sinyal dan Sistem', 3),
('14S3101', 'Arsitektur Sistem Komputer', 3),
('14S3102', 'Praktikum Arsitektur Sistem Komputer', 1),
('14S3103', 'Elektromagnetik', 3),
('14S3104', 'Jaringan Komputer I', 3),
('14S3105', 'Praktikum Jaringan Komputer I', 1),
('14S3106', 'Sistem Instrumentasi', 3),
('14S3111', 'Elektronika II', 3),
('14S3112', 'Praktikum Elektronika II', 1),
('14S3121', 'Interaksi Manusia dan Mesin', 3),
('14S3122', 'Praktikum Interaksi Manusia dan Mesin', 1),
('14S3201', 'Pengolahan Sinyal Digital', 3),
('14S3202', 'Praktikum Pengolahan Sinyal Digital', 1),
('14S3203', 'Sistem Mikrokontroler', 3),
('14S3204', 'Praktikum Sistem Mikrokontroler', 1),
('14S3205', 'Kecerdasan Buatan', 3),
('14S3211', 'Sistem Kendali', 3),
('14S3212', 'Praktikum Sistem Kendali', 1),
('14S3221', 'Jaringan Komputer II', 3),
('14S3222', 'Praktikum Jaringan Komputer II', 1),
('14S4001', 'Etika Profesional', 2),
('14S4002', 'Internet of Things Industri', 3),
('14S4003', 'Sistem Tertanam', 3),
('14S4011', 'Sistem Kendali Digital', 3),
('14S4012', 'Sistem kendali Multivariabel', 3),
('14S4013', 'Mekatronika', 3),
('14S4014', 'Robotika', 3),
('14S4021', 'Jaringan Sensor Nirkabel', 3),
('14S4022', 'Jaringan Terdistribusi', 3),
('14S4023', 'Keamanan Siber', 3),
('14S4024', 'Pengolahan Citra Digital', 3),
('14S4090', 'Kerja Praktik', 3),
('14S4091', 'Tugas Akhir I', 3),
('14S4092', 'Tugas Akhir II', 3),
('14S4102', 'Praktikum Sistem Tertanam', 1),
('21S1101', 'Pengantar Manajemen Rekayasa', 2),
('21S1102', 'Berpikir Sistem', 3),
('21S1201', 'Pengantar Ilmu Ekonomi', 2),
('21S2101', 'Termodinamika Teknik', 3),
('21S2102', 'Visualisasi dan Gambar Teknik', 3),
('21S2103', 'Perencanaan dan Pengendalian Produksi', 3),
('21S2104', 'Praktikum Sistem Produksi 1', 1),
('21S2201', 'Matematika Lanjut', 3),
('21S2202', 'Statistika Inferensi', 3),
('21S2203', 'Penelitian Operasional 1', 3),
('21S2204', 'Ekologi Industri', 3),
('21S2205', 'Sistem dan Teknik Keenergian', 3),
('21S2206', 'Praktikum Sistem Produksi 2', 1),
('21S2207', 'Perancangan dan Pengembangan Produk', 3),
('21S3101', 'Ekonomika Teknik', 3),
('21S3102', 'Penelitian Operasional 2', 3),
('21S3103', 'Perancangan Model Bisnis', 3),
('21S3104', 'Riset Pasar dan Pemasaran', 3),
('21S3105', 'Perancangan Organisasi dan Sumber Daya Manusia', 3),
('21S3201', 'Manajemen Proyek Rekayasa', 3),
('21S3202', 'Rekayasa Logistik', 3),
('21S3203', 'Rekayasa Mutu', 3),
('21S3204', 'Akuntansi Biaya', 3),
('21S3205', 'Metodologi Penelitian', 3),
('21S3206', 'Praktikum Analisis Data', 1),
('21S4080', 'Akuntasi Dasar', 3),
('21S4090', 'Desain Proyek Rekayasa (Capstone)', 5),
('21S4091', 'Kerja Praktek', 2),
('21S4092', 'Tugas Akhir', 5),
('21S4101', 'Simulasi Sistem', 3),
('21S4102', 'Pengambilan Keputusan', 3),
('21S4103', 'Perancangan Six Sigma', 3),
('21S4104', 'Asesmen Teknologi', 3),
('21S4105', 'Rekayasa Keandalan', 3),
('21S4106', 'Rekayasa Energi Baru dan Terbarukan', 3),
('21S4107', 'Manajemen Strategi dan Perubahan', 3),
('21S4108', 'Analisis Ekonomi Energi', 3),
('21S4109', 'Perancangan Logistik Berbasis Geospasial', 3),
('21S4201', 'Etika Profesional', 2),
('21S4202', 'Perancangan K3', 3),
('21S4203', 'Inovasi Model Bisnis', 3),
('21S4204', 'Perancangan Produk Inovatif', 3),
('21S4205', 'Teknologi Keuangan', 3),
('21S4206', 'Proyek Penelitian Pasar', 3),
('31S4201', 'Etika Keprofesian', 2),
('FIS1102', 'Fisika Dasar IB', 3),
('FIS11021', 'Fisika Dasar IB', 3),
('FIS1103', 'Fisika Dasar', 4),
('FIS11031', 'Fisika Dasar', 4),
('FIS1202', 'Fisika Dasar IIB', 3),
('FIS2101', 'Fisika Dasar IA', 4),
('FIS2201', 'Fisika Dasar IIA', 4),
('KIS1001', 'Kimia Dasar B', 3),
('KIS10012', 'Kimia Dasar B', 3),
('KU31101', 'Bahasa Inggris I', 2),
('KU31102', 'Pembentukan Karakter Del', 2),
('KU31201', 'Bahasa Inggris II', 2),
('KU32101', 'Bahasa Inggris III', 2),
('KU32201', 'Bahasa Inggris IV', 2),
('KU32202', 'Penulisan Karya Ilmiah', 2),
('KU33101', 'Bahasa Inggris V', 2),
('KU33201', 'Bahasa Inggris VI', 2),
('KU33202', 'Agama & Etika', 2),
('KU33203', 'Pancasila dan Kewarganegaraan', 2),
('KU41101', 'Pembentukan Karakter Del', 2),
('KU41102', 'Bahasa Inggris I', 2),
('KU41201', 'Bahasa Inggris II', 2),
('KU41202', 'Penulisan Karya Ilmiah', 2),
('KU42101', 'Bahasa Inggris III', 2),
('KU42201', 'Bahasa Inggris IV', 2),
('KU43101', 'Bahasa Inggris V', 2),
('KU43201', 'Bahasa Inggris VI', 2),
('KU43202', 'Agama dan Etika', 2),
('KU43203', 'Pancasila dan Kewarganegaraan', 2),
('KUS1001', 'Penulisan Karya Ilmiah', 2),
('KUS1101', 'Bahasa Inggris I', 2),
('KUS1102', 'Pembentukan Karakter Del', 2),
('KUS1201', 'Bahasa Inggris II', 2),
('KUS1202', 'Pengantar Rekayasa dan Desain', 2),
('KUS2001', 'Bahasa Inggris III', 2),
('KUS3001', 'Analisis Dampak Lingkungan', 2),
('KUS3002', 'Agama dan Etika', 2),
('KUS4101', 'Pancasila dan Kewarganegaraan', 2),
('MA32101', 'Probabilitas dan Statistika', 3),
('MA42201', 'Probabilitas dan Statistik', 3),
('MAS1101', 'Matematika Dasar I', 4),
('MAS1201', 'Matematika Dasar II', 4),
('MAS2001', 'Probabilitas dan Statistika', 3),
('MAS2101', 'Matematika Teknik I', 3),
('MAS2102', 'Matematika Teknik II', 3),
('TI31101', 'Inovasi Digital', 2),
('TI33101', 'Keteknowiraan', 2),
('TI41101', 'Inovasi Digital', 2),
('TI44101', 'Keteknowiraan', 3),
('TIS1101', 'Inovasi Digital', 2),
('TIS3001', 'Keteknowiraan', 3);

-- --------------------------------------------------------

--
-- Table structure for table `prodi`
--

CREATE TABLE `prodi` (
  `id_prodi` int(11) NOT NULL,
  `nama_prodi` varchar(50) NOT NULL
) ENGINE=InnoDB DEFAULT CHARSET=utf8mb4;

--
-- Dumping data for table `prodi`
--

INSERT INTO `prodi` (`id_prodi`, `nama_prodi`) VALUES
(1, 'D3 Teknologi Informasi'),
(2, 'D3 Teknologi Komputer'),
(3, 'D4 Teknologi Rekayasa Perangkat Lunak'),
(4, 'S1 Informatika'),
(5, 'S1 Manajemen Rekayasa'),
(6, 'S1 Sistem Informasi'),
(7, 'S1 Teknik Bioproses'),
(8, 'S1 Teknik Elektro');

--
-- Indexes for dumped tables
--

--
-- Indexes for table `kurikulum_2014`
--
ALTER TABLE `kurikulum_2014`
  ADD PRIMARY KEY (`id_prodi`,`kode`),
  ADD KEY `kode` (`kode`);

--
-- Indexes for table `kurikulum_2016`
--
ALTER TABLE `kurikulum_2016`
  ADD PRIMARY KEY (`id_prodi`,`kode`),
  ADD KEY `kode` (`kode`);

--
-- Indexes for table `kurikulum_2019`
--
ALTER TABLE `kurikulum_2019`
  ADD PRIMARY KEY (`id_prodi`,`kode`,`semester`),
  ADD KEY `kode` (`kode`);

--
-- Indexes for table `mk_2014`
--
ALTER TABLE `mk_2014`
  ADD PRIMARY KEY (`kode`);

--
-- Indexes for table `mk_2016`
--
ALTER TABLE `mk_2016`
  ADD PRIMARY KEY (`kode`);

--
-- Indexes for table `mk_2019`
--
ALTER TABLE `mk_2019`
  ADD PRIMARY KEY (`kode`);

--
-- Indexes for table `prodi`
--
ALTER TABLE `prodi`
  ADD PRIMARY KEY (`id_prodi`);

--
-- AUTO_INCREMENT for dumped tables
--

--
-- AUTO_INCREMENT for table `prodi`
--
ALTER TABLE `prodi`
  MODIFY `id_prodi` int(11) NOT NULL AUTO_INCREMENT, AUTO_INCREMENT=9;

--
-- Constraints for dumped tables
--

--
-- Constraints for table `kurikulum_2014`
--
ALTER TABLE `kurikulum_2014`
  ADD CONSTRAINT `kurikulum_2014_ibfk_1` FOREIGN KEY (`id_prodi`) REFERENCES `prodi` (`id_prodi`),
  ADD CONSTRAINT `kurikulum_2014_ibfk_2` FOREIGN KEY (`kode`) REFERENCES `mk_2014` (`kode`);

--
-- Constraints for table `kurikulum_2016`
--
ALTER TABLE `kurikulum_2016`
  ADD CONSTRAINT `kurikulum_2016_ibfk_1` FOREIGN KEY (`id_prodi`) REFERENCES `prodi` (`id_prodi`),
  ADD CONSTRAINT `kurikulum_2016_ibfk_2` FOREIGN KEY (`kode`) REFERENCES `mk_2016` (`kode`);

--
-- Constraints for table `kurikulum_2019`
--
ALTER TABLE `kurikulum_2019`
  ADD CONSTRAINT `kurikulum_2019_ibfk_1` FOREIGN KEY (`id_prodi`) REFERENCES `prodi` (`id_prodi`),
  ADD CONSTRAINT `kurikulum_2019_ibfk_2` FOREIGN KEY (`kode`) REFERENCES `mk_2019` (`kode`);
COMMIT;

/*!40101 SET CHARACTER_SET_CLIENT=@OLD_CHARACTER_SET_CLIENT */;
/*!40101 SET CHARACTER_SET_RESULTS=@OLD_CHARACTER_SET_RESULTS */;
/*!40101 SET COLLATION_CONNECTION=@OLD_COLLATION_CONNECTION */;
